blog.rabbitmq.com/posts/2010/08/growing-up/,www.rabbitmq.com/blog/2010/08/27/growing-up,,TRUE,FALSE,FALSE,FALSE
blog.rabbitmq.com/posts/2010/08/hello-world/,www.rabbitmq.com/blog/2010/08/01/hello-world,,TRUE,FALSE,FALSE,FALSE
blog.rabbitmq.com/posts/2010/08/management-monitoring-and-statistics/,www.rabbitmq.com/blog/2010/08/06/management-monitoring-and-statistics,,TRUE,FALSE,FALSE,FALSE
blog.rabbitmq.com/posts/2010/08/rabbitmq-and-amqp-0-9-1/,www.rabbitmq.com/blog/2010/08/04/rabbitmq-and-amqp-0-9-1,,TRUE,FALSE,FALSE,FALSE
blog.rabbitmq.com/posts/2010/08/well-ill-let-you-go-basicreject-in-rabbitmq/,www.rabbitmq.com/blog/2010/08/03/well-ill-let-you-go-basicreject-in-rabbitmq,,TRUE,FALSE,FALSE,FALSE
blog.rabbitmq.com/posts/2010/09/broker-vs-brokerless/,www.rabbitmq.com/blog/2010/09/22/broker-vs-brokerless,,TRUE,FALSE,FALSE,FALSE
blog.rabbitmq.com/posts/2010/09/management-plugin-preview-release/,www.rabbitmq.com/blog/2010/09/07/management-plugin-preview-release,,TRUE,FALSE,FALSE,FALSE
blog.rabbitmq.com/posts/2010/09/rabbitmq-on-github/,www.rabbitmq.com/blog/2010/09/20/rabbitmq-on-github,,TRUE,FALSE,FALSE,FALSE
blog.rabbitmq.com/posts/2010/09/very-fast-and-scalable-topic-routing-part-1/,www.rabbitmq.com/blog/2010/09/14/very-fast-and-scalable-topic-routing-part-1,,TRUE,FALSE,FALSE,FALSE
blog.rabbitmq.com/posts/2010/10/exchange-to-exchange-bindings/,www.rabbitmq.com/blog/2010/10/19/exchange-to-exchange-bindings,,TRUE,FALSE,FALSE,FALSE
blog.rabbitmq.com/posts/2010/10/prompt-a-licious/,www.rabbitmq.com/blog/2010/10/02/prompt-a-licious,,TRUE,FALSE,FALSE,FALSE
blog.rabbitmq.com/posts/2010/10/rabbitmq0mq-bridge/,www.rabbitmq.com/blog/2010/10/18/rabbitmq0mq-bridge,,TRUE,FALSE,FALSE,FALSE
blog.rabbitmq.com/posts/2010/11/chapter-1-introduction-to-distributed-systems/,www.rabbitmq.com/blog/2010/11/17/chapter-1-introduction-to-distributed-systems,,TRUE,FALSE,FALSE,FALSE
blog.rabbitmq.com/posts/2010/11/rabbitmq-nodejs-rabbitjs/,www.rabbitmq.com/blog/2010/11/12/rabbitmq-nodejs-rabbitjs,,TRUE,FALSE,FALSE,FALSE
blog.rabbitmq.com/posts/2010/12/amqp-10-prototyping/,www.rabbitmq.com/blog/2010/12/01/amqp-10-prototyping,,TRUE,FALSE,FALSE,FALSE
blog.rabbitmq.com/posts/2011/01/rabbitmq-backing-stores-databases-and-disks/,www.rabbitmq.com/blog/2011/01/20/rabbitmq-backing-stores-databases-and-disks,,TRUE,FALSE,FALSE,FALSE
blog.rabbitmq.com/posts/2011/01/ruby-amqp-0-7-released/,www.rabbitmq.com/blog/2011/01/19/ruby-amqp-0-7-released,,TRUE,FALSE,FALSE,FALSE
blog.rabbitmq.com/posts/2011/01/ruby-amqp-gem-intro/,www.rabbitmq.com/blog/2011/01/12/ruby-amqp-gem-intro,,TRUE,FALSE,FALSE,FALSE
blog.rabbitmq.com/posts/2011/02/introducing-publisher-confirms/,www.rabbitmq.com/blog/2011/02/10/introducing-publisher-confirms,,TRUE,FALSE,FALSE,FALSE
blog.rabbitmq.com/posts/2011/02/who-are-you-authentication-and-authorisation-in-rabbitmq-231/,www.rabbitmq.com/blog/2011/02/07/who-are-you-authentication-and-authorisation-in-rabbitmq-231,,TRUE,FALSE,FALSE,FALSE
blog.rabbitmq.com/posts/2011/03/ruby-amqp-benchmarks/,www.rabbitmq.com/blog/2011/03/01/ruby-amqp-benchmarks,,TRUE,FALSE,FALSE,FALSE
blog.rabbitmq.com/posts/2011/03/sender-selected-distribution/,www.rabbitmq.com/blog/2011/03/23/sender-selected-distribution,,TRUE,FALSE,FALSE,FALSE
blog.rabbitmq.com/posts/2011/03/very-fast-and-scalable-topic-routing-part-2/,www.rabbitmq.com/blog/2011/03/28/very-fast-and-scalable-topic-routing-part-2,,TRUE,FALSE,FALSE,FALSE
blog.rabbitmq.com/posts/2011/05/can-you-hear-the-drums-erlando/,www.rabbitmq.com/blog/2011/05/17/can-you-hear-the-drums-erlando,,TRUE,FALSE,FALSE,FALSE
blog.rabbitmq.com/posts/2011/06/federation-plugin-preview-release/,www.rabbitmq.com/blog/2011/06/22/federation-plugin-preview-release,,TRUE,FALSE,FALSE,FALSE
blog.rabbitmq.com/posts/2011/06/rabbitmq-250-released/,www.rabbitmq.com/blog/2011/06/16/rabbitmq-250-released,,TRUE,FALSE,FALSE,FALSE
blog.rabbitmq.com/posts/2011/06/zeromq-erlang/,www.rabbitmq.com/blog/2011/06/30/zeromq-erlang,,TRUE,FALSE,FALSE,FALSE
blog.rabbitmq.com/posts/2011/07/puka-rethinking-amqp-clients/,www.rabbitmq.com/blog/2011/07/08/puka-rethinking-amqp-clients,,TRUE,FALSE,FALSE,FALSE
blog.rabbitmq.com/posts/2011/08/rabbitmq-cloud-foundry-cloud-messaging-that-just-works/,www.rabbitmq.com/blog/2011/08/10/rabbitmq-cloud-foundry-cloud-messaging-that-just-works,,TRUE,FALSE,FALSE,FALSE
blog.rabbitmq.com/posts/2011/08/sockjs-web-messaging-aint-easy/,www.rabbitmq.com/blog/2011/08/22/sockjs-web-messaging-aint-easy,,TRUE,FALSE,FALSE,FALSE
blog.rabbitmq.com/posts/2011/08/using-the-rabbitmq-service-on-cloud-foundry-with-nodejs/,www.rabbitmq.com/blog/2011/08/16/using-the-rabbitmq-service-on-cloud-foundry-with-nodejs,,TRUE,FALSE,FALSE,FALSE
blog.rabbitmq.com/posts/2011/09/pubsub-huddle/,www.rabbitmq.com/blog/2011/09/16/pubsub-huddle,,TRUE,FALSE,FALSE,FALSE
blog.rabbitmq.com/posts/2011/09/pubsubhuddle-realtime-web-talk/,www.rabbitmq.com/blog/2011/09/26/pubsubhuddle-realtime-web-talk,,TRUE,FALSE,FALSE,FALSE
blog.rabbitmq.com/posts/2011/09/rabbitmq-on-heroku/,www.rabbitmq.com/blog/2011/09/01/rabbitmq-on-heroku,,TRUE,FALSE,FALSE,FALSE
blog.rabbitmq.com/posts/2011/09/rabbitmq-tracing-a-ui-for-the-firehose/,www.rabbitmq.com/blog/2011/09/09/rabbitmq-tracing-a-ui-for-the-firehose,,TRUE,FALSE,FALSE,FALSE
blog.rabbitmq.com/posts/2011/09/sizing-your-rabbits/,www.rabbitmq.com/blog/2011/09/24/sizing-your-rabbits,,TRUE,FALSE,FALSE,FALSE
blog.rabbitmq.com/posts/2011/09/sockjs-websocket-emulation/,www.rabbitmq.com/blog/2011/09/13/sockjs-websocket-emulation,,TRUE,FALSE,FALSE,FALSE
blog.rabbitmq.com/posts/2011/10/high-availability-in-rabbitmq-solving-part-of-the-puzzle/,www.rabbitmq.com/blog/2011/10/25/high-availability-in-rabbitmq-solving-part-of-the-puzzle,,TRUE,FALSE,FALSE,FALSE
blog.rabbitmq.com/posts/2011/10/keeping-it-realtime-conference-portland-or/,www.rabbitmq.com/blog/2011/10/19/keeping-it-realtime-conference-portland-or,,TRUE,FALSE,FALSE,FALSE
blog.rabbitmq.com/posts/2011/10/performance-of-queues-when-less-is-more/,www.rabbitmq.com/blog/2011/10/27/performance-of-queues-when-less-is-more,,TRUE,FALSE,FALSE,FALSE
blog.rabbitmq.com/posts/2011/11/ponies-dragons-and-socks/,www.rabbitmq.com/blog/2011/11/30/ponies-dragons-and-socks,,TRUE,FALSE,FALSE,FALSE
blog.rabbitmq.com/posts/2011/12/rabbitmq-2-7-0-and-2-7-1-are-released/,www.rabbitmq.com/blog/2011/12/20/rabbitmq-2-7-0-and-2-7-1-are-released,,TRUE,FALSE,FALSE,FALSE
blog.rabbitmq.com/posts/2012/01/sockjs-0-2-released/,www.rabbitmq.com/blog/2012/01/24/sockjs-0-2-released,,TRUE,FALSE,FALSE,FALSE
blog.rabbitmq.com/posts/2012/02/atomizejs-distributed-software-transactional-memory/,www.rabbitmq.com/blog/2012/02/21/atomizejs-distributed-software-transactional-memory,,TRUE,FALSE,FALSE,FALSE
blog.rabbitmq.com/posts/2012/02/how-to-compose-apps-using-websockets/,www.rabbitmq.com/blog/2012/02/23/how-to-compose-apps-using-websockets,,TRUE,FALSE,FALSE,FALSE
blog.rabbitmq.com/posts/2012/04/london-realtime-hackweekend/,www.rabbitmq.com/blog/2012/04/17/london-realtime-hackweekend,,TRUE,FALSE,FALSE,FALSE
blog.rabbitmq.com/posts/2012/04/rabbitmq-performance-measurements-part-1/,www.rabbitmq.com/blog/2012/04/16/rabbitmq-performance-measurements-part-1,,TRUE,FALSE,FALSE,FALSE
blog.rabbitmq.com/posts/2012/04/rabbitmq-performance-measurements-part-2/,www.rabbitmq.com/blog/2012/04/25/rabbitmq-performance-measurements-part-2,,TRUE,FALSE,FALSE,FALSE
blog.rabbitmq.com/posts/2012/05/introducing-rabbitmq-web-stomp/,www.rabbitmq.com/blog/2012/05/14/introducing-rabbitmq-web-stomp,,TRUE,FALSE,FALSE,FALSE
blog.rabbitmq.com/posts/2012/05/jason-and-alvaros-excellent-rabbit-book/,www.rabbitmq.com/blog/2012/05/29/jason-and-alvaros-excellent-rabbit-book,,TRUE,FALSE,FALSE,FALSE
blog.rabbitmq.com/posts/2012/05/some-queuing-theory-throughput-latency-and-bandwidth/,www.rabbitmq.com/blog/2012/05/11/some-queuing-theory-throughput-latency-and-bandwidth,,TRUE,FALSE,FALSE,FALSE
blog.rabbitmq.com/posts/2012/09/mqtt-adapter/,www.rabbitmq.com/blog/2012/09/12/mqtt-adapter,,TRUE,FALSE,FALSE,FALSE
blog.rabbitmq.com/posts/2012/11/breaking-things-with-rabbitmq-3-0/,www.rabbitmq.com/blog/2012/11/19/breaking-things-with-rabbitmq-3-0,,TRUE,FALSE,FALSE,FALSE
blog.rabbitmq.com/posts/2012/11/whats-new-in-rabbitmq-3-0/,www.rabbitmq.com/blog/2012/11/20/whats-new-in-rabbitmq-3-0,,TRUE,FALSE,FALSE,FALSE
blog.rabbitmq.com/posts/2013/05/rabbitmq-3-1-0-in-images/,www.rabbitmq.com/blog/2013/05/01/rabbitmq-3-1-0-in-images,,TRUE,FALSE,FALSE,FALSE
blog.rabbitmq.com/posts/2013/06/using-elixir-to-write-rabbitmq-plugins/,www.rabbitmq.com/blog/2013/06/03/using-elixir-to-write-rabbitmq-plugins,,TRUE,FALSE,FALSE,FALSE
blog.rabbitmq.com/posts/2013/10/federated-queues-in-3-2-0/,www.rabbitmq.com/blog/2013/10/23/federated-queues-in-3-2-0,,TRUE,FALSE,FALSE,FALSE
blog.rabbitmq.com/posts/2013/12/using-consumer-priorities-with-rabbitmq/,www.rabbitmq.com/blog/2013/12/16/using-consumer-priorities-with-rabbitmq,,TRUE,FALSE,FALSE,FALSE
blog.rabbitmq.com/posts/2014/01/preventing-unbounded-buffers-with-rabbitmq/,www.rabbitmq.com/blog/2014/01/23/preventing-unbounded-buffers-with-rabbitmq,,TRUE,FALSE,FALSE,FALSE
blog.rabbitmq.com/posts/2014/02/distributed-semaphores-with-rabbitmq/,www.rabbitmq.com/blog/2014/02/19/distributed-semaphores-with-rabbitmq,,TRUE,FALSE,FALSE,FALSE
blog.rabbitmq.com/posts/2014/04/an-end-to-synchrony-performance-improvements-in-3-3/,www.rabbitmq.com/blog/2014/04/03/an-end-to-synchrony-performance-improvements-in-3-3,,TRUE,FALSE,FALSE,FALSE
blog.rabbitmq.com/posts/2014/04/breaking-things-with-rabbitmq-3-3/,www.rabbitmq.com/blog/2014/04/02/breaking-things-with-rabbitmq-3-3,,TRUE,FALSE,FALSE,FALSE
blog.rabbitmq.com/posts/2014/04/consumer-bias-in-rabbitmq-3-3/,www.rabbitmq.com/blog/2014/04/10/consumer-bias-in-rabbitmq-3-3,,TRUE,FALSE,FALSE,FALSE
blog.rabbitmq.com/posts/2014/04/finding-bottlenecks-with-rabbitmq-3-3/,www.rabbitmq.com/blog/2014/04/14/finding-bottlenecks-with-rabbitmq-3-3,,TRUE,FALSE,FALSE,FALSE
blog.rabbitmq.com/posts/2014/10/understanding-memory-use-with-rabbitmq-3-4/,www.rabbitmq.com/blog/2014/10/30/understanding-memory-use-with-rabbitmq-3-4,,TRUE,FALSE,FALSE,FALSE
blog.rabbitmq.com/posts/2015/04/scheduling-messages-with-rabbitmq/,www.rabbitmq.com/blog/2015/04/16/scheduling-messages-with-rabbitmq,,TRUE,FALSE,FALSE,FALSE
blog.rabbitmq.com/posts/2015/10/new-credit-flow-settings-on-rabbitmq-3-5-5/,www.rabbitmq.com/blog/2015/10/06/new-credit-flow-settings-on-rabbitmq-3-5-5,,TRUE,FALSE,FALSE,FALSE
blog.rabbitmq.com/posts/2015/12/whats-new-in-rabbitmq-3-6-0/,www.rabbitmq.com/blog/2015/12/28/whats-new-in-rabbitmq-3-6-0,,TRUE,FALSE,FALSE,FALSE
blog.rabbitmq.com/posts/2016/11/metrics-support-in-rabbitmq-java-client-4-0/,www.rabbitmq.com/blog/2016/11/30/metrics-support-in-rabbitmq-java-client-4-0,,TRUE,FALSE,FALSE,FALSE
blog.rabbitmq.com/posts/2016/11/rabbitmq-java-client-4-0-is-released/,www.rabbitmq.com/blog/2016/11/24/rabbitmq-java-client-4-0-is-released,,TRUE,FALSE,FALSE,FALSE
blog.rabbitmq.com/posts/2016/12/brand-new-rabbitmqctl-in-3-7-0/,www.rabbitmq.com/blog/2016/12/15/brand-new-rabbitmqctl-in-3-7-0,,TRUE,FALSE,FALSE,FALSE
blog.rabbitmq.com/posts/2017/09/rabbitmq-java-client-5-0-is-released/,www.rabbitmq.com/blog/2017/09/29/rabbitmq-java-client-5-0-is-released,,TRUE,FALSE,FALSE,FALSE
blog.rabbitmq.com/posts/2017/10/new-reactive-client-for-rabbitmq-http-api/,www.rabbitmq.com/blog/2017/10/18/new-reactive-client-for-rabbitmq-http-api,,TRUE,FALSE,FALSE,FALSE
blog.rabbitmq.com/posts/2018/02/new-configuration-format-in-rabbitmq-3-7/,www.rabbitmq.com/blog/2018/02/22/new-configuration-format-in-rabbitmq-3-7,,TRUE,FALSE,FALSE,FALSE
blog.rabbitmq.com/posts/2018/02/peer-discovery-subsystem-in-rabbitmq-3-7/,www.rabbitmq.com/blog/2018/02/18/peer-discovery-subsystem-in-rabbitmq-3-7,,TRUE,FALSE,FALSE,FALSE
blog.rabbitmq.com/posts/2018/02/whats-new-in-rabbitmq-3-7/,www.rabbitmq.com/blog/2018/02/05/whats-new-in-rabbitmq-3-7,,TRUE,FALSE,FALSE,FALSE
blog.rabbitmq.com/posts/2018/04/rabbitmq-java-client-metrics-with-micrometer-and-datadog/,www.rabbitmq.com/blog/2018/04/10/rabbitmq-java-client-metrics-with-micrometer-and-datadog,,TRUE,FALSE,FALSE,FALSE
blog.rabbitmq.com/posts/2018/12/this-month-in-rabbitmq-dec-4-2018/,www.rabbitmq.com/blog/2018/12/04/this-month-in-rabbitmq-dec-4-2018,,TRUE,FALSE,FALSE,FALSE
blog.rabbitmq.com/posts/2019/01/this-month-in-rabbitmq-jan-8-2019/,www.rabbitmq.com/blog/2019/01/08/this-month-in-rabbitmq-jan-8-2019,,TRUE,FALSE,FALSE,FALSE
blog.rabbitmq.com/posts/2019/02/this-month-in-rabbitmq-feb-7-2019/,www.rabbitmq.com/blog/2019/02/07/this-month-in-rabbitmq-feb-7-2019,,TRUE,FALSE,FALSE,FALSE
blog.rabbitmq.com/posts/2019/03/this-month-in-rabbitmq-march-7-2019/,www.rabbitmq.com/blog/2019/03/08/this-month-in-rabbitmq-march-7-2019,,TRUE,FALSE,FALSE,FALSE
blog.rabbitmq.com/posts/2019/04/simplifying-rolling-upgrades-between-minor-versions-with-feature-flags/,www.rabbitmq.com/blog/2019/04/23/simplifying-rolling-upgrades-between-minor-versions-with-feature-flags,,TRUE,FALSE,FALSE,FALSE
blog.rabbitmq.com/posts/2019/04/this-month-in-rabbitmq-april-3-2019/,www.rabbitmq.com/blog/2019/04/03/this-month-in-rabbitmq-april-3-2019,,TRUE,FALSE,FALSE,FALSE
blog.rabbitmq.com/posts/2019/05/this-month-in-rabbitmq-may-2019/,www.rabbitmq.com/blog/2019/05/13/this-month-in-rabbitmq-may-2019,,TRUE,FALSE,FALSE,FALSE
blog.rabbitmq.com/posts/2019/06/this-month-in-rabbitmq-june-2019/,www.rabbitmq.com/blog/2019/06/06/this-month-in-rabbitmq-june-2019,,TRUE,FALSE,FALSE,FALSE
blog.rabbitmq.com/posts/2019/07/this-month-in-rabbitmq-july-2019/,www.rabbitmq.com/blog/2019/07/09/this-month-in-rabbitmq-july-2019,,TRUE,FALSE,FALSE,FALSE
blog.rabbitmq.com/posts/2019/08/this-month-in-rabbitmq-august-2019/,www.rabbitmq.com/blog/2019/08/12/this-month-in-rabbitmq-august-2019,,TRUE,FALSE,FALSE,FALSE
blog.rabbitmq.com/posts/2019/09/this-month-in-rabbitmq-september-2019/,www.rabbitmq.com/blog/2019/09/09/this-month-in-rabbitmq-september-2019,,TRUE,FALSE,FALSE,FALSE
blog.rabbitmq.com/posts/2019/11/rabbitmq-3-8-release-overview/,www.rabbitmq.com/blog/2019/11/11/rabbitmq-3-8-release-overview,,TRUE,FALSE,FALSE,FALSE
blog.rabbitmq.com/posts/2019/11/this-month-in-rabbitmq-november-2019/,www.rabbitmq.com/blog/2019/11/13/this-month-in-rabbitmq-november-2019,,TRUE,FALSE,FALSE,FALSE
blog.rabbitmq.com/posts/2019/12/laika-gets-creative-with-rabbitmq-as-the-animation-companys-it-nervous-system/,www.rabbitmq.com/blog/2019/12/16/laika-gets-creative-with-rabbitmq-as-the-animation-companys-it-nervous-system,,TRUE,FALSE,FALSE,FALSE
blog.rabbitmq.com/posts/2019/12/this-month-in-rabbitmq-november-2019-recap/,www.rabbitmq.com/blog/2019/12/07/this-month-in-rabbitmq-november-2019-recap,,TRUE,FALSE,FALSE,FALSE
blog.rabbitmq.com/posts/2020/01/this-month-in-rabbitmq-december-2019-recap/,www.rabbitmq.com/blog/2020/01/09/this-month-in-rabbitmq-december-2019-recap,,TRUE,FALSE,FALSE,FALSE
blog.rabbitmq.com/posts/2020/02/this-month-in-rabbitmq-january-2020-recap/,www.rabbitmq.com/blog/2020/02/12/this-month-in-rabbitmq-january-2020-recap,,TRUE,FALSE,FALSE,FALSE
blog.rabbitmq.com/posts/2020/03/this-month-in-rabbitmq-february-2020-recap/,www.rabbitmq.com/blog/2020/03/10/this-month-in-rabbitmq-february-2020-recap,,TRUE,FALSE,FALSE,FALSE
blog.rabbitmq.com/posts/2020/04/quorum-queues-and-why-disks-matter/,www.rabbitmq.com/blog/2020/04/21/quorum-queues-and-why-disks-matter,,TRUE,FALSE,FALSE,FALSE
blog.rabbitmq.com/posts/2020/04/rabbitmq-gets-an-ha-upgrade/,www.rabbitmq.com/blog/2020/04/20/rabbitmq-gets-an-ha-upgrade,,TRUE,FALSE,FALSE,FALSE
blog.rabbitmq.com/posts/2020/04/this-month-in-rabbitmq-march-2020-recap/,www.rabbitmq.com/blog/2020/04/13/this-month-in-rabbitmq-march-2020-recap,,TRUE,FALSE,FALSE,FALSE
blog.rabbitmq.com/posts/2020/05/quorum-queues-and-flow-control-single-queue-benchmarks/,www.rabbitmq.com/blog/2020/05/14/quorum-queues-and-flow-control-single-queue-benchmarks,,TRUE,FALSE,FALSE,FALSE
blog.rabbitmq.com/posts/2020/05/quorum-queues-and-flow-control-stress-tests/,www.rabbitmq.com/blog/2020/05/15/quorum-queues-and-flow-control-stress-tests,,TRUE,FALSE,FALSE,FALSE
blog.rabbitmq.com/posts/2020/05/quorum-queues-and-flow-control-the-concepts/,www.rabbitmq.com/blog/2020/05/04/quorum-queues-and-flow-control-the-concepts,,TRUE,FALSE,FALSE,FALSE
blog.rabbitmq.com/posts/2020/06/cluster-sizing-and-other-considerations/,www.rabbitmq.com/blog/2020/06/18/cluster-sizing-and-other-considerations,,TRUE,FALSE,FALSE,FALSE
blog.rabbitmq.com/posts/2020/06/cluster-sizing-case-study-mirrored-queues-part-1/,www.rabbitmq.com/blog/2020/06/19/cluster-sizing-case-study-mirrored-queues-part-1,,TRUE,FALSE,FALSE,FALSE
blog.rabbitmq.com/posts/2020/06/cluster-sizing-case-study-mirrored-queues-part-2/,www.rabbitmq.com/blog/2020/06/20/cluster-sizing-case-study-mirrored-queues-part-2,,TRUE,FALSE,FALSE,FALSE
blog.rabbitmq.com/posts/2020/06/cluster-sizing-case-study-quorum-queues-part-1/,www.rabbitmq.com/blog/2020/06/21/cluster-sizing-case-study-quorum-queues-part-1,,TRUE,FALSE,FALSE,FALSE
blog.rabbitmq.com/posts/2020/06/cluster-sizing-case-study-quorum-queues-part-2/,www.rabbitmq.com/blog/2020/06/22/cluster-sizing-case-study-quorum-queues-part-2,,TRUE,FALSE,FALSE,FALSE
blog.rabbitmq.com/posts/2020/06/how-to-run-benchmarks/,www.rabbitmq.com/blog/2020/06/04/how-to-run-benchmarks,,TRUE,FALSE,FALSE,FALSE
blog.rabbitmq.com/posts/2020/06/quorum-queues-local-delivery/,www.rabbitmq.com/blog/2020/06/23/quorum-queues-local-delivery,,TRUE,FALSE,FALSE,FALSE
blog.rabbitmq.com/posts/2020/06/this-month-in-rabbitmq-april-2020-recap/,www.rabbitmq.com/blog/2020/06/01/this-month-in-rabbitmq-april-2020-recap,,TRUE,FALSE,FALSE,FALSE
blog.rabbitmq.com/posts/2020/06/this-month-in-rabbitmq-may-2020-recap/,www.rabbitmq.com/blog/2020/06/30/this-month-in-rabbitmq-may-2020-recap,,TRUE,FALSE,FALSE,FALSE
blog.rabbitmq.com/posts/2020/07/disaster-recovery-and-high-availability-101/,www.rabbitmq.com/blog/2020/07/07/disaster-recovery-and-high-availability-101,,TRUE,FALSE,FALSE,FALSE
blog.rabbitmq.com/posts/2020/07/this-month-in-rabbitmq-june-2020-recap/,www.rabbitmq.com/blog/2020/07/30/this-month-in-rabbitmq-june-2020-recap,,TRUE,FALSE,FALSE,FALSE
blog.rabbitmq.com/posts/2020/08/deploying-rabbitmq-to-kubernetes-whats-involved/,www.rabbitmq.com/blog/2020/08/10/deploying-rabbitmq-to-kubernetes-whats-involved,,TRUE,FALSE,FALSE,FALSE
blog.rabbitmq.com/posts/2020/08/this-month-in-rabbitmq-july-2020-recap/,www.rabbitmq.com/blog/2020/08/31/this-month-in-rabbitmq-july-2020-recap,,TRUE,FALSE,FALSE,FALSE
blog.rabbitmq.com/posts/2020/11/rabbitmq-kubernetes-operator-reaches-1-0/,www.rabbitmq.com/blog/2020/11/17/rabbitmq-kubernetes-operator-reaches-1-0,,TRUE,FALSE,FALSE,FALSE
blog.rabbitmq.com/posts/2020/11/this-month-in-rabbitmq-augsep-2020-recap/,www.rabbitmq.com/blog/2020/11/06/this-month-in-rabbitmq-augsep-2020-recap,,TRUE,FALSE,FALSE,FALSE
blog.rabbitmq.com/posts/2021/03/auth-attempts-metrics/,www.rabbitmq.com/blog/2021/03/01/auth-attempts-metrics,,TRUE,FALSE,FALSE,FALSE
blog.rabbitmq.com/posts/2021/03/erlang-24-support-roadmap/,www.rabbitmq.com/blog/2021/03/23/erlang-24-support-roadmap,,TRUE,FALSE,FALSE,FALSE
blog.rabbitmq.com/posts/2021/03/migrate-off-of-bintray/,www.rabbitmq.com/blog/2021/03/31/migrate-off-of-bintray,,TRUE,FALSE,FALSE,FALSE
blog.rabbitmq.com/posts/2021/05/alerting/,www.rabbitmq.com/blog/2021/05/03/alerting,,TRUE,FALSE,FALSE,FALSE
blog.rabbitmq.com/posts/2021/07/connecting-to-streams/,www.rabbitmq.com/blog/2021/07/23/connecting-to-streams,,TRUE,FALSE,FALSE,FALSE
blog.rabbitmq.com/posts/2021/07/rabbitmq-3.9.0-release-calendar/,www.rabbitmq.com/blog/2021/07/09/rabbitmq-3.9.0-release-calendar,,TRUE,FALSE,FALSE,FALSE
blog.rabbitmq.com/posts/2021/07/rabbitmq-streams-first-application/,www.rabbitmq.com/blog/2021/07/19/rabbitmq-streams-first-application,,TRUE,FALSE,FALSE,FALSE
blog.rabbitmq.com/posts/2021/07/rabbitmq-streams-message-deduplication/,www.rabbitmq.com/blog/2021/07/28/rabbitmq-streams-message-deduplication,,TRUE,FALSE,FALSE,FALSE
blog.rabbitmq.com/posts/2021/07/rabbitmq-streams-overview/,www.rabbitmq.com/blog/2021/07/13/rabbitmq-streams-overview,,TRUE,FALSE,FALSE,FALSE
blog.rabbitmq.com/posts/2021/08/4.0-deprecation-announcements/,www.rabbitmq.com/blog/2021/08/21/4.0-deprecation-announcements,,TRUE,FALSE,FALSE,FALSE
blog.rabbitmq.com/posts/2021/09/rabbitmq-streams-offset-tracking/,www.rabbitmq.com/blog/2021/09/13/rabbitmq-streams-offset-tracking,,TRUE,FALSE,FALSE,FALSE
blog.rabbitmq.com/posts/2021/10/rabbitmq-streams-interoperability/,www.rabbitmq.com/blog/2021/10/07/rabbitmq-streams-interoperability,,TRUE,FALSE,FALSE,FALSE
blog.rabbitmq.com/posts/2021/12/rabbitmq-not-affected-by-log4j-vulnerability/,www.rabbitmq.com/blog/2021/12/16/rabbitmq-not-affected-by-log4j-vulnerability,,TRUE,FALSE,FALSE,FALSE
blog.rabbitmq.com/posts/2022/02/gatekeeper-validation/,www.rabbitmq.com/blog/2022/02/21/gatekeeper-validation,,TRUE,FALSE,FALSE,FALSE
blog.rabbitmq.com/posts/2022/03/at-least-once-dead-lettering/,www.rabbitmq.com/blog/2022/03/29/at-least-once-dead-lettering,,TRUE,FALSE,FALSE,FALSE
blog.rabbitmq.com/posts/2022/03/rabbitmq-3.10.0-release-calendar/,www.rabbitmq.com/blog/2022/03/24/rabbitmq-3.10.0-release-calendar,,TRUE,FALSE,FALSE,FALSE
blog.rabbitmq.com/posts/2022/04/centos-7-support-discontinued/,www.rabbitmq.com/blog/2022/04/26/centos-7-support-discontinued,,TRUE,FALSE,FALSE,FALSE
blog.rabbitmq.com/posts/2022/05/flame-graphs/,www.rabbitmq.com/blog/2022/05/31/flame-graphs,,TRUE,FALSE,FALSE,FALSE
blog.rabbitmq.com/posts/2022/05/rabbitmq-3.10-performance-improvements/,www.rabbitmq.com/blog/2022/05/16/rabbitmq-3.10-performance-improvements,,TRUE,FALSE,FALSE,FALSE
blog.rabbitmq.com/posts/2022/05/rabbitmq-3.10-release-overview/,www.rabbitmq.com/blog/2022/05/05/rabbitmq-3.10-release-overview,,TRUE,FALSE,FALSE,FALSE
blog.rabbitmq.com/posts/2022/07/oidc-integration/,www.rabbitmq.com/blog/2022/07/22/oidc-integration,,TRUE,FALSE,FALSE,FALSE
blog.rabbitmq.com/posts/2022/07/rabbitmq-3-11-feature-preview-single-active-consumer-for-streams/,www.rabbitmq.com/blog/2022/07/05/rabbitmq-3-11-feature-preview-single-active-consumer-for-streams,,TRUE,FALSE,FALSE,FALSE
blog.rabbitmq.com/posts/2022/07/rabbitmq-3-11-feature-preview-super-streams/,www.rabbitmq.com/blog/2022/07/13/rabbitmq-3-11-feature-preview-super-streams,,TRUE,FALSE,FALSE,FALSE
blog.rabbitmq.com/posts/2022/07/rabbitmq-3.11.0-release-calendar/,www.rabbitmq.com/blog/2022/08/01/rabbitmq-3.11.0-release-calendar,,TRUE,FALSE,FALSE,FALSE
blog.rabbitmq.com/posts/2022/07/required-feature-flags-in-rabbitmq-3.11/,www.rabbitmq.com/blog/2022/07/20/required-feature-flags-in-rabbitmq-3.11,,TRUE,FALSE,FALSE,FALSE
blog.rabbitmq.com/posts/2022/08/high-initial-memory-consumption-of-rabbitmq-nodes-on-centos-stream-9/,www.rabbitmq.com/blog/2022/08/30/high-initial-memory-consumption-of-rabbitmq-nodes-on-centos-stream-9,,TRUE,FALSE,FALSE,FALSE
blog.rabbitmq.com/posts/2023/02/quorum-queues-migration/,www.rabbitmq.com/blog/2023/03/02/quorum-queues-migration,,TRUE,FALSE,FALSE,FALSE
blog.rabbitmq.com/posts/2023/03/native-mqtt/,www.rabbitmq.com/blog/2023/03/21/native-mqtt,,TRUE,FALSE,FALSE,FALSE
blog.rabbitmq.com/posts/2023/04/announcing-rabbitmq-community-discord-server/,www.rabbitmq.com/blog/2023/04/04/announcing-rabbitmq-community-discord-server,,TRUE,FALSE,FALSE,FALSE
blog.rabbitmq.com/posts/2023/05/rabbitmq-3.12-performance-improvements/,www.rabbitmq.com/blog/2023/05/17/rabbitmq-3.12-performance-improvements,,TRUE,FALSE,FALSE,FALSE
blog.rabbitmq.com/posts/2023/07/mqtt5/,www.rabbitmq.com/blog/2023/07/21/mqtt5,,TRUE,FALSE,FALSE,FALSE
blog.rabbitmq.com/posts/2023/10/stream-filtering-internals/,www.rabbitmq.com/blog/2023/10/24/stream-filtering-internals,,TRUE,FALSE,FALSE,FALSE
blog.rabbitmq.com/posts/2023/10/stream-filtering/,www.rabbitmq.com/blog/2023/10/16/stream-filtering,,TRUE,FALSE,FALSE,FALSE
blog.rabbitmq.com/posts/2024/01/new-website/,www.rabbitmq.com/blog/2024/01/04/new-website,,TRUE,FALSE,FALSE,FALSE
blog.rabbitmq.com/posts/2024/01/3.13-release/,www.rabbitmq.com/blog/2024/01/11/3.13-release,,TRUE,FALSE,FALSE,FALSE
www.rabbitmq.com/access-control.html,www.rabbitmq.com/docs/access-control,,TRUE,FALSE,FALSE,FALSE
www.rabbitmq.com/admin-guide.html,www.rabbitmq.com/docs/admin-guide,,TRUE,FALSE,FALSE,FALSE
www.rabbitmq.com/ae.html,www.rabbitmq.com/docs/ae,,TRUE,FALSE,FALSE,FALSE
www.rabbitmq.com/alarms.html,www.rabbitmq.com/docs/alarms,,TRUE,FALSE,FALSE,FALSE
www.rabbitmq.com/amqp-0-8-to-0-9-1.html,www.rabbitmq.com/docs/amqp-0-8-to-0-9-1,,TRUE,FALSE,FALSE,FALSE
www.rabbitmq.com/amqp-0-9-1-errata.html,www.rabbitmq.com/docs/amqp-0-9-1-errata,,TRUE,FALSE,FALSE,FALSE
www.rabbitmq.com/amqp-0-9-1-quickref.html,www.rabbitmq.com/docs/amqp-0-9-1-quickref,,TRUE,FALSE,FALSE,FALSE
www.rabbitmq.com/amqp-0-9-1-reference.html,www.rabbitmq.com/docs/amqp-0-9-1-reference,,TRUE,FALSE,FALSE,FALSE
www.rabbitmq.com/amqp-wireshark.html,www.rabbitmq.com/docs/amqp-wireshark,,TRUE,FALSE,FALSE,FALSE
www.rabbitmq.com/api-guide.html,www.rabbitmq.com/docs/api-guide,,TRUE,FALSE,FALSE,FALSE
www.rabbitmq.com/auth-notification.html,www.rabbitmq.com/docs/auth-notification,,TRUE,FALSE,FALSE,FALSE
www.rabbitmq.com/authentication.html,www.rabbitmq.com/docs/authentication,,TRUE,FALSE,FALSE,FALSE
www.rabbitmq.com/backup.html,www.rabbitmq.com/docs/backup,,TRUE,FALSE,FALSE,FALSE
www.rabbitmq.com/best-practices.html,www.rabbitmq.com/docs/best-practices,,TRUE,FALSE,FALSE,FALSE
www.rabbitmq.com/blue-green-upgrade.html,www.rabbitmq.com/docs/blue-green-upgrade,,TRUE,FALSE,FALSE,FALSE
www.rabbitmq.com/build-dotnet-client.html,www.rabbitmq.com/docs/build-dotnet-client,,TRUE,FALSE,FALSE,FALSE
www.rabbitmq.com/build-erlang-client.html,www.rabbitmq.com/docs/build-erlang-client,,TRUE,FALSE,FALSE,FALSE
www.rabbitmq.com/build-java-client.html,www.rabbitmq.com/docs/build-java-client,,TRUE,FALSE,FALSE,FALSE
www.rabbitmq.com/build-server.html,www.rabbitmq.com/docs/build-server,,TRUE,FALSE,FALSE,FALSE
www.rabbitmq.com/build.html,www.rabbitmq.com/docs/build,,TRUE,FALSE,FALSE,FALSE
www.rabbitmq.com/changelog.html,www.rabbitmq.com/docs/changelog,,TRUE,FALSE,FALSE,FALSE
www.rabbitmq.com/channels.html,www.rabbitmq.com/docs/channels,,TRUE,FALSE,FALSE,FALSE
www.rabbitmq.com/classic-queues.html,www.rabbitmq.com/docs/classic-queues,,TRUE,FALSE,FALSE,FALSE
www.rabbitmq.com/cli.html,www.rabbitmq.com/docs/cli,,TRUE,FALSE,FALSE,FALSE
www.rabbitmq.com/clients.html,www.rabbitmq.com/docs/clients,,TRUE,FALSE,FALSE,FALSE
www.rabbitmq.com/cluster-formation.html,www.rabbitmq.com/docs/cluster-formation,,TRUE,FALSE,FALSE,FALSE
www.rabbitmq.com/clustering-ssl.html,www.rabbitmq.com/docs/clustering-ssl,,TRUE,FALSE,FALSE,FALSE
www.rabbitmq.com/clustering.html,www.rabbitmq.com/docs/clustering,,TRUE,FALSE,FALSE,FALSE
www.rabbitmq.com/community-plugins.html,www.rabbitmq.com/docs/community-plugins,,TRUE,FALSE,FALSE,FALSE
www.rabbitmq.com/configure.html,www.rabbitmq.com/docs/configure,,TRUE,FALSE,FALSE,FALSE
www.rabbitmq.com/confirms.html,www.rabbitmq.com/docs/confirms,,TRUE,FALSE,FALSE,FALSE
www.rabbitmq.com/connection-blocked.html,www.rabbitmq.com/docs/connection-blocked,,TRUE,FALSE,FALSE,FALSE
www.rabbitmq.com/connections.html,www.rabbitmq.com/docs/connections,,TRUE,FALSE,FALSE,FALSE
www.rabbitmq.com/consumer-cancel.html,www.rabbitmq.com/docs/consumer-cancel,,TRUE,FALSE,FALSE,FALSE
www.rabbitmq.com/consumer-prefetch.html,www.rabbitmq.com/docs/consumer-prefetch,,TRUE,FALSE,FALSE,FALSE
www.rabbitmq.com/consumer-priority.html,www.rabbitmq.com/docs/consumer-priority,,TRUE,FALSE,FALSE,FALSE
www.rabbitmq.com/consumers.html,www.rabbitmq.com/docs/consumers,,TRUE,FALSE,FALSE,FALSE
www.rabbitmq.com/contact.html,www.rabbitmq.com/docs/contact,,TRUE,FALSE,FALSE,FALSE
www.rabbitmq.com/conversions.html,www.rabbitmq.com/docs/conversions,,TRUE,FALSE,FALSE,FALSE
www.rabbitmq.com/definitions.html,www.rabbitmq.com/docs/definitions,,TRUE,FALSE,FALSE,FALSE
www.rabbitmq.com/devtools.html,www.rabbitmq.com/docs/devtools,,TRUE,FALSE,FALSE,FALSE
www.rabbitmq.com/direct-reply-to.html,www.rabbitmq.com/docs/direct-reply-to,,TRUE,FALSE,FALSE,FALSE
www.rabbitmq.com/disk-alarms.html,www.rabbitmq.com/docs/disk-alarms,,TRUE,FALSE,FALSE,FALSE
www.rabbitmq.com/distributed.html,www.rabbitmq.com/docs/distributed,,TRUE,FALSE,FALSE,FALSE
www.rabbitmq.com/dlx.html,www.rabbitmq.com/docs/dlx,,TRUE,FALSE,FALSE,FALSE
www.rabbitmq.com/documentation.html,www.rabbitmq.com/docs/documentation,,TRUE,FALSE,FALSE,FALSE
www.rabbitmq.com/dotnet-api-guide.html,www.rabbitmq.com/docs/dotnet-api-guide,,TRUE,FALSE,FALSE,FALSE
www.rabbitmq.com/dotnet.html,www.rabbitmq.com/docs/dotnet,,TRUE,FALSE,FALSE,FALSE
www.rabbitmq.com/download.html,www.rabbitmq.com/docs/download,,TRUE,FALSE,FALSE,FALSE
www.rabbitmq.com/e2e.html,www.rabbitmq.com/docs/e2e,,TRUE,FALSE,FALSE,FALSE
www.rabbitmq.com/ec2.html,www.rabbitmq.com/docs/ec2,,TRUE,FALSE,FALSE,FALSE
www.rabbitmq.com/erlang-client-user-guide.html,www.rabbitmq.com/docs/erlang-client-user-guide,,TRUE,FALSE,FALSE,FALSE
www.rabbitmq.com/erlang-client.html,www.rabbitmq.com/docs/erlang-client,,TRUE,FALSE,FALSE,FALSE
www.rabbitmq.com/event-exchange.html,www.rabbitmq.com/docs/event-exchange,,TRUE,FALSE,FALSE,FALSE
www.rabbitmq.com/extensions.html,www.rabbitmq.com/docs/extensions,,TRUE,FALSE,FALSE,FALSE
www.rabbitmq.com/feature-flags.html,www.rabbitmq.com/docs/feature-flags,,TRUE,FALSE,FALSE,FALSE
www.rabbitmq.com/features.html,www.rabbitmq.com/docs/features,,TRUE,FALSE,FALSE,FALSE
www.rabbitmq.com/federated-exchanges.html,www.rabbitmq.com/docs/federated-exchanges,,TRUE,FALSE,FALSE,FALSE
www.rabbitmq.com/federated-queues.html,www.rabbitmq.com/docs/federated-queues,,TRUE,FALSE,FALSE,FALSE
www.rabbitmq.com/federation-reference.html,www.rabbitmq.com/docs/federation-reference,,TRUE,FALSE,FALSE,FALSE
www.rabbitmq.com/federation.html,www.rabbitmq.com/docs/federation,,TRUE,FALSE,FALSE,FALSE
www.rabbitmq.com/firehose.html,www.rabbitmq.com/docs/firehose,,TRUE,FALSE,FALSE,FALSE
www.rabbitmq.com/flow-control.html,www.rabbitmq.com/docs/flow-control,,TRUE,FALSE,FALSE,FALSE
www.rabbitmq.com/getstarted.html,www.rabbitmq.com/tutorials,,TRUE,FALSE,FALSE,FALSE
www.rabbitmq.com/github.html,www.rabbitmq.com/docs/github,,TRUE,FALSE,FALSE,FALSE
www.rabbitmq.com/ha.html,www.rabbitmq.com/docs/ha,,TRUE,FALSE,FALSE,FALSE
www.rabbitmq.com/heartbeats.html,www.rabbitmq.com/docs/heartbeats,,TRUE,FALSE,FALSE,FALSE
www.rabbitmq.com/index.html,www.rabbitmq.com/docs/index,,TRUE,FALSE,FALSE,FALSE
www.rabbitmq.com/install-debian.html,www.rabbitmq.com/docs/install-debian,,TRUE,FALSE,FALSE,FALSE
www.rabbitmq.com/install-generic-unix.html,www.rabbitmq.com/docs/install-generic-unix,,TRUE,FALSE,FALSE,FALSE
www.rabbitmq.com/install-homebrew.html,www.rabbitmq.com/docs/install-homebrew,,TRUE,FALSE,FALSE,FALSE
www.rabbitmq.com/install-rpm.html,www.rabbitmq.com/docs/install-rpm,,TRUE,FALSE,FALSE,FALSE
www.rabbitmq.com/install-solaris.html,www.rabbitmq.com/docs/install-solaris,,TRUE,FALSE,FALSE,FALSE
www.rabbitmq.com/install-standalone-mac.html,www.rabbitmq.com/docs/install-standalone-mac,,TRUE,FALSE,FALSE,FALSE
www.rabbitmq.com/install-windows-manual.html,www.rabbitmq.com/docs/install-windows-manual,,TRUE,FALSE,FALSE,FALSE
www.rabbitmq.com/install-windows.html,www.rabbitmq.com/docs/install-windows,,TRUE,FALSE,FALSE,FALSE
www.rabbitmq.com/installing-plugins.html,www.rabbitmq.com/docs/installing-plugins,,TRUE,FALSE,FALSE,FALSE
www.rabbitmq.com/interoperability.html,www.rabbitmq.com/docs/interoperability,,TRUE,FALSE,FALSE,FALSE
www.rabbitmq.com/java-client.html,www.rabbitmq.com/docs/java-client,,TRUE,FALSE,FALSE,FALSE
www.rabbitmq.com/java-tools.html,www.rabbitmq.com/docs/java-tools,,TRUE,FALSE,FALSE,FALSE
www.rabbitmq.com/java-versions.html,www.rabbitmq.com/docs/java-versions,,TRUE,FALSE,FALSE,FALSE
www.rabbitmq.com/jms-client.html,www.rabbitmq.com/docs/jms-client,,TRUE,FALSE,FALSE,FALSE
www.rabbitmq.com/kubernetes/operator/configure-operator-defaults.html,www.rabbitmq.com/docs/kubernetes/operator/configure-operator-defaults,,TRUE,FALSE,FALSE,FALSE
www.rabbitmq.com/kubernetes/operator/debug-operator.html,www.rabbitmq.com/docs/kubernetes/operator/debug-operator,,TRUE,FALSE,FALSE,FALSE
www.rabbitmq.com/kubernetes/operator/install-operator.html,www.rabbitmq.com/docs/kubernetes/operator/install-operator,,TRUE,FALSE,FALSE,FALSE
www.rabbitmq.com/kubernetes/operator/install-topology-operator.html,www.rabbitmq.com/docs/kubernetes/operator/install-topology-operator,,TRUE,FALSE,FALSE,FALSE
www.rabbitmq.com/kubernetes/operator/kubectl-plugin.html,www.rabbitmq.com/docs/kubernetes/operator/kubectl-plugin,,TRUE,FALSE,FALSE,FALSE
www.rabbitmq.com/kubernetes/operator/operator-monitoring.html,www.rabbitmq.com/docs/kubernetes/operator/operator-monitoring,,TRUE,FALSE,FALSE,FALSE
www.rabbitmq.com/kubernetes/operator/operator-overview.html,www.rabbitmq.com/docs/kubernetes/operator/operator-overview,,TRUE,FALSE,FALSE,FALSE
www.rabbitmq.com/kubernetes/operator/quickstart-operator.html,www.rabbitmq.com/docs/kubernetes/operator/quickstart-operator,,TRUE,FALSE,FALSE,FALSE
www.rabbitmq.com/kubernetes/operator/tls-topology-operator.html,www.rabbitmq.com/docs/kubernetes/operator/tls-topology-operator,,TRUE,FALSE,FALSE,FALSE
www.rabbitmq.com/kubernetes/operator/troubleshooting-operator.html,www.rabbitmq.com/docs/kubernetes/operator/troubleshooting-operator,,TRUE,FALSE,FALSE,FALSE
www.rabbitmq.com/kubernetes/operator/troubleshooting-topology-operator.html,www.rabbitmq.com/docs/kubernetes/operator/troubleshooting-topology-operator,,TRUE,FALSE,FALSE,FALSE
www.rabbitmq.com/kubernetes/operator/upgrade-operator.html,www.rabbitmq.com/docs/kubernetes/operator/upgrade-operator,,TRUE,FALSE,FALSE,FALSE
www.rabbitmq.com/kubernetes/operator/using-on-openshift.html,www.rabbitmq.com/docs/kubernetes/operator/using-on-openshift,,TRUE,FALSE,FALSE,FALSE
www.rabbitmq.com/kubernetes/operator/using-operator.html,www.rabbitmq.com/docs/kubernetes/operator/using-operator,,TRUE,FALSE,FALSE,FALSE
www.rabbitmq.com/kubernetes/operator/using-topology-operator.html,www.rabbitmq.com/docs/kubernetes/operator/using-topology-operator,,TRUE,FALSE,FALSE,FALSE
www.rabbitmq.com/kubernetes/operator/vault-topology-operator.html,www.rabbitmq.com/docs/kubernetes/operator/vault-topology-operator,,TRUE,FALSE,FALSE,FALSE
www.rabbitmq.com/kubernetes/tanzu/installation.html,www.rabbitmq.com/docs/kubernetes/tanzu/installation,,TRUE,FALSE,FALSE,FALSE
www.rabbitmq.com/lazy-queues.html,www.rabbitmq.com/docs/lazy-queues,,TRUE,FALSE,FALSE,FALSE
www.rabbitmq.com/ldap.html,www.rabbitmq.com/docs/ldap,,TRUE,FALSE,FALSE,FALSE
www.rabbitmq.com/logging.html,www.rabbitmq.com/docs/logging,,TRUE,FALSE,FALSE,FALSE
www.rabbitmq.com/man/rabbitmq-diagnostics.8.html,www.rabbitmq.com/docs/man/rabbitmq-diagnostics.8,,TRUE,FALSE,FALSE,FALSE
www.rabbitmq.com/man/rabbitmq-echopid.8.html,www.rabbitmq.com/docs/man/rabbitmq-echopid.8,,TRUE,FALSE,FALSE,FALSE
www.rabbitmq.com/man/rabbitmq-env.conf.5.html,www.rabbitmq.com/docs/man/rabbitmq-env.conf.5,,TRUE,FALSE,FALSE,FALSE
www.rabbitmq.com/man/rabbitmq-plugins.8.html,www.rabbitmq.com/docs/man/rabbitmq-plugins.8,,TRUE,FALSE,FALSE,FALSE
www.rabbitmq.com/man/rabbitmq-queues.8.html,www.rabbitmq.com/docs/man/rabbitmq-queues.8,,TRUE,FALSE,FALSE,FALSE
www.rabbitmq.com/man/rabbitmq-server.8.html,www.rabbitmq.com/docs/man/rabbitmq-server.8,,TRUE,FALSE,FALSE,FALSE
www.rabbitmq.com/man/rabbitmq-service.8.html,www.rabbitmq.com/docs/man/rabbitmq-service.8,,TRUE,FALSE,FALSE,FALSE
www.rabbitmq.com/man/rabbitmq-streams.8.html,www.rabbitmq.com/docs/man/rabbitmq-streams.8,,TRUE,FALSE,FALSE,FALSE
www.rabbitmq.com/man/rabbitmq-upgrade.8.html,www.rabbitmq.com/docs/man/rabbitmq-upgrade.8,,TRUE,FALSE,FALSE,FALSE
www.rabbitmq.com/man/rabbitmqctl.8.html,www.rabbitmq.com/docs/man/rabbitmqctl.8,,TRUE,FALSE,FALSE,FALSE
www.rabbitmq.com/management-cli.html,www.rabbitmq.com/docs/management-cli,,TRUE,FALSE,FALSE,FALSE
www.rabbitmq.com/management.html,www.rabbitmq.com/docs/management,,TRUE,FALSE,FALSE,FALSE
www.rabbitmq.com/manpages.html,www.rabbitmq.com/docs/manpages,,TRUE,FALSE,FALSE,FALSE
www.rabbitmq.com/maxlength.html,www.rabbitmq.com/docs/maxlength,,TRUE,FALSE,FALSE,FALSE
www.rabbitmq.com/memory-use.html,www.rabbitmq.com/docs/memory-use,,TRUE,FALSE,FALSE,FALSE
www.rabbitmq.com/memory.html,www.rabbitmq.com/docs/memory,,TRUE,FALSE,FALSE,FALSE
www.rabbitmq.com/migrate-mcq-to-qq.html,www.rabbitmq.com/docs/migrate-mcq-to-qq,,TRUE,FALSE,FALSE,FALSE
www.rabbitmq.com/monitoring.html,www.rabbitmq.com/docs/monitoring,,TRUE,FALSE,FALSE,FALSE
www.rabbitmq.com/mpl.html,www.rabbitmq.com/docs/mpl,,TRUE,FALSE,FALSE,FALSE
www.rabbitmq.com/mqtt.html,www.rabbitmq.com/docs/mqtt,,TRUE,FALSE,FALSE,FALSE
www.rabbitmq.com/nack.html,www.rabbitmq.com/docs/nack,,TRUE,FALSE,FALSE,FALSE
www.rabbitmq.com/nettick.html,www.rabbitmq.com/docs/nettick,,TRUE,FALSE,FALSE,FALSE
www.rabbitmq.com/networking.html,www.rabbitmq.com/docs/networking,,TRUE,FALSE,FALSE,FALSE
www.rabbitmq.com/news.html,www.rabbitmq.com/docs/news,,TRUE,FALSE,FALSE,FALSE
www.rabbitmq.com/oauth2-examples-azure.html,www.rabbitmq.com/docs/oauth2-examples-azure,,TRUE,FALSE,FALSE,FALSE
www.rabbitmq.com/oauth2-examples-keycloak.html,www.rabbitmq.com/docs/oauth2-examples-keycloak,,TRUE,FALSE,FALSE,FALSE
www.rabbitmq.com/oauth2-examples-oauth0.html,www.rabbitmq.com/docs/oauth2-examples-oauth0,,TRUE,FALSE,FALSE,FALSE
www.rabbitmq.com/oauth2-examples-proxy.html,www.rabbitmq.com/docs/oauth2-examples-proxy,,TRUE,FALSE,FALSE,FALSE
www.rabbitmq.com/oauth2-examples.html,www.rabbitmq.com/docs/oauth2-examples,,TRUE,FALSE,FALSE,FALSE
www.rabbitmq.com/oauth2.html,www.rabbitmq.com/docs/oauth2,,TRUE,FALSE,FALSE,FALSE
www.rabbitmq.com/parameters.html,www.rabbitmq.com/docs/parameters,,TRUE,FALSE,FALSE,FALSE
www.rabbitmq.com/partitions.html,www.rabbitmq.com/docs/partitions,,TRUE,FALSE,FALSE,FALSE
www.rabbitmq.com/passwords.html,www.rabbitmq.com/docs/passwords,,TRUE,FALSE,FALSE,FALSE
www.rabbitmq.com/persistence-conf.html,www.rabbitmq.com/docs/persistence-conf,,TRUE,FALSE,FALSE,FALSE
www.rabbitmq.com/platforms.html,www.rabbitmq.com/docs/platforms,,TRUE,FALSE,FALSE,FALSE
www.rabbitmq.com/plugin-development.html,www.rabbitmq.com/docs/plugin-development,,TRUE,FALSE,FALSE,FALSE
www.rabbitmq.com/plugins.html,www.rabbitmq.com/docs/plugins,,TRUE,FALSE,FALSE,FALSE
www.rabbitmq.com/previous.html,www.rabbitmq.com/docs/previous,,TRUE,FALSE,FALSE,FALSE
www.rabbitmq.com/priority.html,www.rabbitmq.com/docs/priority,,TRUE,FALSE,FALSE,FALSE
www.rabbitmq.com/production-checklist.html,www.rabbitmq.com/docs/production-checklist,,TRUE,FALSE,FALSE,FALSE
www.rabbitmq.com/prometheus.html,www.rabbitmq.com/docs/prometheus,,TRUE,FALSE,FALSE,FALSE
www.rabbitmq.com/protocol.html,www.rabbitmq.com/docs/protocol,,TRUE,FALSE,FALSE,FALSE
www.rabbitmq.com/protocols.html,www.rabbitmq.com/docs/protocols,,TRUE,FALSE,FALSE,FALSE
www.rabbitmq.com/publishers.html,www.rabbitmq.com/docs/publishers,,TRUE,FALSE,FALSE,FALSE
www.rabbitmq.com/queues.html,www.rabbitmq.com/docs/queues,,TRUE,FALSE,FALSE,FALSE
www.rabbitmq.com/quorum-queues.html,www.rabbitmq.com/docs/quorum-queues,,TRUE,FALSE,FALSE,FALSE
www.rabbitmq.com/rabbitmq-diagnostics.8.html,www.rabbitmq.com/docs/man/rabbitmq-diagnostics.8,,TRUE,FALSE,FALSE,FALSE
www.rabbitmq.com/rabbitmq-echopid.8.html,www.rabbitmq.com/docs/man/rabbitmq-echopid.8,,TRUE,FALSE,FALSE,FALSE
www.rabbitmq.com/rabbitmq-env.conf.5.html,www.rabbitmq.com/docs/man/rabbitmq-env.conf.5,,TRUE,FALSE,FALSE,FALSE
www.rabbitmq.com/rabbitmq-plugins.8.html,www.rabbitmq.com/docs/man/rabbitmq-plugins.8,,TRUE,FALSE,FALSE,FALSE
www.rabbitmq.com/rabbitmq-queues.8.html,www.rabbitmq.com/docs/man/rabbitmq-queues.8,,TRUE,FALSE,FALSE,FALSE
www.rabbitmq.com/rabbitmq-server.8.html,www.rabbitmq.com/docs/man/rabbitmq-server.8,,TRUE,FALSE,FALSE,FALSE
www.rabbitmq.com/rabbitmq-service.8.html,www.rabbitmq.com/docs/man/rabbitmq-service.8,,TRUE,FALSE,FALSE,FALSE
www.rabbitmq.com/rabbitmq-streams.8.html,www.rabbitmq.com/docs/man/rabbitmq-streams.8,,TRUE,FALSE,FALSE,FALSE
www.rabbitmq.com/rabbitmq-upgrade.8.html,www.rabbitmq.com/docs/man/rabbitmq-upgrade.8,,TRUE,FALSE,FALSE,FALSE
www.rabbitmq.com/rabbitmqctl.8.html,www.rabbitmq.com/docs/man/rabbitmqctl.8,,TRUE,FALSE,FALSE,FALSE
www.rabbitmq.com/reliability.html,www.rabbitmq.com/docs/reliability,,TRUE,FALSE,FALSE,FALSE
www.rabbitmq.com/relocate.html,www.rabbitmq.com/docs/relocate,,TRUE,FALSE,FALSE,FALSE
www.rabbitmq.com/runtime.html,www.rabbitmq.com/docs/runtime,,TRUE,FALSE,FALSE,FALSE
www.rabbitmq.com/search.html,www.rabbitmq.com/search,,TRUE,FALSE,FALSE,FALSE
www.rabbitmq.com/semantics.html,www.rabbitmq.com/docs/semantics,,TRUE,FALSE,FALSE,FALSE
www.rabbitmq.com/sender-selected.html,www.rabbitmq.com/docs/sender-selected,,TRUE,FALSE,FALSE,FALSE
www.rabbitmq.com/services.html,www.rabbitmq.com/docs/services,,TRUE,FALSE,FALSE,FALSE
www.rabbitmq.com/shovel-dynamic.html,www.rabbitmq.com/docs/shovel-dynamic,,TRUE,FALSE,FALSE,FALSE
www.rabbitmq.com/shovel-static.html,www.rabbitmq.com/docs/shovel-static,,TRUE,FALSE,FALSE,FALSE
www.rabbitmq.com/shovel.html,www.rabbitmq.com/docs/shovel,,TRUE,FALSE,FALSE,FALSE
www.rabbitmq.com/signatures.html,www.rabbitmq.com/docs/signatures,,TRUE,FALSE,FALSE,FALSE
www.rabbitmq.com/snapshots.html,www.rabbitmq.com/docs/snapshots,,TRUE,FALSE,FALSE,FALSE
www.rabbitmq.com/spec-differences.html,www.rabbitmq.com/docs/spec-differences,,TRUE,FALSE,FALSE,FALSE
www.rabbitmq.com/specification.html,www.rabbitmq.com/docs/specification,,TRUE,FALSE,FALSE,FALSE
www.rabbitmq.com/ssl.html,www.rabbitmq.com/docs/ssl,,TRUE,FALSE,FALSE,FALSE
www.rabbitmq.com/stomp.html,www.rabbitmq.com/docs/stomp,,TRUE,FALSE,FALSE,FALSE
www.rabbitmq.com/stream-core-plugin-comparison.html,www.rabbitmq.com/docs/stream-core-plugin-comparison,,TRUE,FALSE,FALSE,FALSE
www.rabbitmq.com/stream.html,www.rabbitmq.com/docs/stream,,TRUE,FALSE,FALSE,FALSE
www.rabbitmq.com/streams.html,www.rabbitmq.com/docs/streams,,TRUE,FALSE,FALSE,FALSE
www.rabbitmq.com/templates/index.html,www.rabbitmq.com/docs/templates/index,,TRUE,FALSE,FALSE,FALSE
www.rabbitmq.com/trademark-guidelines.html,www.rabbitmq.com/docs/trademark-guidelines,,TRUE,FALSE,FALSE,FALSE
www.rabbitmq.com/troubleshooting-networking.html,www.rabbitmq.com/docs/troubleshooting-networking,,TRUE,FALSE,FALSE,FALSE
www.rabbitmq.com/troubleshooting-ssl.html,www.rabbitmq.com/docs/troubleshooting-ssl,,TRUE,FALSE,FALSE,FALSE
www.rabbitmq.com/troubleshooting.html,www.rabbitmq.com/docs/troubleshooting,,TRUE,FALSE,FALSE,FALSE
www.rabbitmq.com/ttl.html,www.rabbitmq.com/docs/ttl,,TRUE,FALSE,FALSE,FALSE
www.rabbitmq.com/tutorials/amqp-concepts.html,www.rabbitmq.com/tutorials/amqp-concepts,,TRUE,FALSE,FALSE,FALSE
www.rabbitmq.com/tutorials/tutorial-five-dotnet.html,www.rabbitmq.com/tutorials/tutorial-five-dotnet,,TRUE,FALSE,FALSE,FALSE
www.rabbitmq.com/tutorials/tutorial-five-elixir.html,www.rabbitmq.com/tutorials/tutorial-five-elixir,,TRUE,FALSE,FALSE,FALSE
www.rabbitmq.com/tutorials/tutorial-five-go.html,www.rabbitmq.com/tutorials/tutorial-five-go,,TRUE,FALSE,FALSE,FALSE
www.rabbitmq.com/tutorials/tutorial-five-java.html,www.rabbitmq.com/tutorials/tutorial-five-java,,TRUE,FALSE,FALSE,FALSE
www.rabbitmq.com/tutorials/tutorial-five-javascript.html,www.rabbitmq.com/tutorials/tutorial-five-javascript,,TRUE,FALSE,FALSE,FALSE
www.rabbitmq.com/tutorials/tutorial-five-objectivec.html,www.rabbitmq.com/tutorials/tutorial-five-objectivec,,TRUE,FALSE,FALSE,FALSE
www.rabbitmq.com/tutorials/tutorial-five-php.html,www.rabbitmq.com/tutorials/tutorial-five-php,,TRUE,FALSE,FALSE,FALSE
www.rabbitmq.com/tutorials/tutorial-five-python.html,www.rabbitmq.com/tutorials/tutorial-five-python,,TRUE,FALSE,FALSE,FALSE
www.rabbitmq.com/tutorials/tutorial-five-ruby.html,www.rabbitmq.com/tutorials/tutorial-five-ruby,,TRUE,FALSE,FALSE,FALSE
www.rabbitmq.com/tutorials/tutorial-five-spring-amqp.html,www.rabbitmq.com/tutorials/tutorial-five-spring-amqp,,TRUE,FALSE,FALSE,FALSE
www.rabbitmq.com/tutorials/tutorial-five-swift.html,www.rabbitmq.com/tutorials/tutorial-five-swift,,TRUE,FALSE,FALSE,FALSE
www.rabbitmq.com/tutorials/tutorial-four-dotnet.html,www.rabbitmq.com/tutorials/tutorial-four-dotnet,,TRUE,FALSE,FALSE,FALSE
www.rabbitmq.com/tutorials/tutorial-four-elixir.html,www.rabbitmq.com/tutorials/tutorial-four-elixir,,TRUE,FALSE,FALSE,FALSE
www.rabbitmq.com/tutorials/tutorial-four-go.html,www.rabbitmq.com/tutorials/tutorial-four-go,,TRUE,FALSE,FALSE,FALSE
www.rabbitmq.com/tutorials/tutorial-four-java.html,www.rabbitmq.com/tutorials/tutorial-four-java,,TRUE,FALSE,FALSE,FALSE
www.rabbitmq.com/tutorials/tutorial-four-javascript.html,www.rabbitmq.com/tutorials/tutorial-four-javascript,,TRUE,FALSE,FALSE,FALSE
www.rabbitmq.com/tutorials/tutorial-four-objectivec.html,www.rabbitmq.com/tutorials/tutorial-four-objectivec,,TRUE,FALSE,FALSE,FALSE
www.rabbitmq.com/tutorials/tutorial-four-php.html,www.rabbitmq.com/tutorials/tutorial-four-php,,TRUE,FALSE,FALSE,FALSE
www.rabbitmq.com/tutorials/tutorial-four-python.html,www.rabbitmq.com/tutorials/tutorial-four-python,,TRUE,FALSE,FALSE,FALSE
www.rabbitmq.com/tutorials/tutorial-four-ruby.html,www.rabbitmq.com/tutorials/tutorial-four-ruby,,TRUE,FALSE,FALSE,FALSE
www.rabbitmq.com/tutorials/tutorial-four-spring-amqp.html,www.rabbitmq.com/tutorials/tutorial-four-spring-amqp,,TRUE,FALSE,FALSE,FALSE
www.rabbitmq.com/tutorials/tutorial-four-swift.html,www.rabbitmq.com/tutorials/tutorial-four-swift,,TRUE,FALSE,FALSE,FALSE
www.rabbitmq.com/tutorials/tutorial-one-dotnet.html,www.rabbitmq.com/tutorials/tutorial-one-dotnet,,TRUE,FALSE,FALSE,FALSE
www.rabbitmq.com/tutorials/tutorial-one-elixir.html,www.rabbitmq.com/tutorials/tutorial-one-elixir,,TRUE,FALSE,FALSE,FALSE
www.rabbitmq.com/tutorials/tutorial-one-go.html,www.rabbitmq.com/tutorials/tutorial-one-go,,TRUE,FALSE,FALSE,FALSE
www.rabbitmq.com/tutorials/tutorial-one-java.html,www.rabbitmq.com/tutorials/tutorial-one-java,,TRUE,FALSE,FALSE,FALSE
www.rabbitmq.com/tutorials/tutorial-one-javascript.html,www.rabbitmq.com/tutorials/tutorial-one-javascript,,TRUE,FALSE,FALSE,FALSE
www.rabbitmq.com/tutorials/tutorial-one-objectivec.html,www.rabbitmq.com/tutorials/tutorial-one-objectivec,,TRUE,FALSE,FALSE,FALSE
www.rabbitmq.com/tutorials/tutorial-one-php.html,www.rabbitmq.com/tutorials/tutorial-one-php,,TRUE,FALSE,FALSE,FALSE
www.rabbitmq.com/tutorials/tutorial-one-python.html,www.rabbitmq.com/tutorials/tutorial-one-python,,TRUE,FALSE,FALSE,FALSE
www.rabbitmq.com/tutorials/tutorial-one-ruby.html,www.rabbitmq.com/tutorials/tutorial-one-ruby,,TRUE,FALSE,FALSE,FALSE
www.rabbitmq.com/tutorials/tutorial-one-spring-amqp.html,www.rabbitmq.com/tutorials/tutorial-one-spring-amqp,,TRUE,FALSE,FALSE,FALSE
www.rabbitmq.com/tutorials/tutorial-one-swift.html,www.rabbitmq.com/tutorials/tutorial-one-swift,,TRUE,FALSE,FALSE,FALSE
www.rabbitmq.com/tutorials/tutorial-seven-dotnet.html,www.rabbitmq.com/tutorials/tutorial-seven-dotnet,,TRUE,FALSE,FALSE,FALSE
www.rabbitmq.com/tutorials/tutorial-seven-java.html,www.rabbitmq.com/tutorials/tutorial-seven-java,,TRUE,FALSE,FALSE,FALSE
www.rabbitmq.com/tutorials/tutorial-seven-php.html,www.rabbitmq.com/tutorials/tutorial-seven-php,,TRUE,FALSE,FALSE,FALSE
www.rabbitmq.com/tutorials/tutorial-six-dotnet.html,www.rabbitmq.com/tutorials/tutorial-six-dotnet,,TRUE,FALSE,FALSE,FALSE
www.rabbitmq.com/tutorials/tutorial-six-elixir.html,www.rabbitmq.com/tutorials/tutorial-six-elixir,,TRUE,FALSE,FALSE,FALSE
www.rabbitmq.com/tutorials/tutorial-six-go.html,www.rabbitmq.com/tutorials/tutorial-six-go,,TRUE,FALSE,FALSE,FALSE
www.rabbitmq.com/tutorials/tutorial-six-java.html,www.rabbitmq.com/tutorials/tutorial-six-java,,TRUE,FALSE,FALSE,FALSE
www.rabbitmq.com/tutorials/tutorial-six-javascript.html,www.rabbitmq.com/tutorials/tutorial-six-javascript,,TRUE,FALSE,FALSE,FALSE
www.rabbitmq.com/tutorials/tutorial-six-php.html,www.rabbitmq.com/tutorials/tutorial-six-php,,TRUE,FALSE,FALSE,FALSE
www.rabbitmq.com/tutorials/tutorial-six-python.html,www.rabbitmq.com/tutorials/tutorial-six-python,,TRUE,FALSE,FALSE,FALSE
www.rabbitmq.com/tutorials/tutorial-six-ruby.html,www.rabbitmq.com/tutorials/tutorial-six-ruby,,TRUE,FALSE,FALSE,FALSE
www.rabbitmq.com/tutorials/tutorial-six-spring-amqp.html,www.rabbitmq.com/tutorials/tutorial-six-spring-amqp,,TRUE,FALSE,FALSE,FALSE
www.rabbitmq.com/tutorials/tutorial-three-dotnet.html,www.rabbitmq.com/tutorials/tutorial-three-dotnet,,TRUE,FALSE,FALSE,FALSE
www.rabbitmq.com/tutorials/tutorial-three-elixir.html,www.rabbitmq.com/tutorials/tutorial-three-elixir,,TRUE,FALSE,FALSE,FALSE
www.rabbitmq.com/tutorials/tutorial-three-go.html,www.rabbitmq.com/tutorials/tutorial-three-go,,TRUE,FALSE,FALSE,FALSE
www.rabbitmq.com/tutorials/tutorial-three-java.html,www.rabbitmq.com/tutorials/tutorial-three-java,,TRUE,FALSE,FALSE,FALSE
www.rabbitmq.com/tutorials/tutorial-three-javascript.html,www.rabbitmq.com/tutorials/tutorial-three-javascript,,TRUE,FALSE,FALSE,FALSE
www.rabbitmq.com/tutorials/tutorial-three-objectivec.html,www.rabbitmq.com/tutorials/tutorial-three-objectivec,,TRUE,FALSE,FALSE,FALSE
www.rabbitmq.com/tutorials/tutorial-three-php.html,www.rabbitmq.com/tutorials/tutorial-three-php,,TRUE,FALSE,FALSE,FALSE
www.rabbitmq.com/tutorials/tutorial-three-python.html,www.rabbitmq.com/tutorials/tutorial-three-python,,TRUE,FALSE,FALSE,FALSE
www.rabbitmq.com/tutorials/tutorial-three-ruby.html,www.rabbitmq.com/tutorials/tutorial-three-ruby,,TRUE,FALSE,FALSE,FALSE
www.rabbitmq.com/tutorials/tutorial-three-spring-amqp.html,www.rabbitmq.com/tutorials/tutorial-three-spring-amqp,,TRUE,FALSE,FALSE,FALSE
www.rabbitmq.com/tutorials/tutorial-three-swift.html,www.rabbitmq.com/tutorials/tutorial-three-swift,,TRUE,FALSE,FALSE,FALSE
www.rabbitmq.com/tutorials/tutorial-two-dotnet.html,www.rabbitmq.com/tutorials/tutorial-two-dotnet,,TRUE,FALSE,FALSE,FALSE
www.rabbitmq.com/tutorials/tutorial-two-elixir.html,www.rabbitmq.com/tutorials/tutorial-two-elixir,,TRUE,FALSE,FALSE,FALSE
www.rabbitmq.com/tutorials/tutorial-two-go.html,www.rabbitmq.com/tutorials/tutorial-two-go,,TRUE,FALSE,FALSE,FALSE
www.rabbitmq.com/tutorials/tutorial-two-java.html,www.rabbitmq.com/tutorials/tutorial-two-java,,TRUE,FALSE,FALSE,FALSE
www.rabbitmq.com/tutorials/tutorial-two-javascript.html,www.rabbitmq.com/tutorials/tutorial-two-javascript,,TRUE,FALSE,FALSE,FALSE
www.rabbitmq.com/tutorials/tutorial-two-objectivec.html,www.rabbitmq.com/tutorials/tutorial-two-objectivec,,TRUE,FALSE,FALSE,FALSE
www.rabbitmq.com/tutorials/tutorial-two-php.html,www.rabbitmq.com/tutorials/tutorial-two-php,,TRUE,FALSE,FALSE,FALSE
www.rabbitmq.com/tutorials/tutorial-two-python.html,www.rabbitmq.com/tutorials/tutorial-two-python,,TRUE,FALSE,FALSE,FALSE
www.rabbitmq.com/tutorials/tutorial-two-ruby.html,www.rabbitmq.com/tutorials/tutorial-two-ruby,,TRUE,FALSE,FALSE,FALSE
www.rabbitmq.com/tutorials/tutorial-two-spring-amqp.html,www.rabbitmq.com/tutorials/tutorial-two-spring-amqp,,TRUE,FALSE,FALSE,FALSE
www.rabbitmq.com/tutorials/tutorial-two-swift.html,www.rabbitmq.com/tutorials/tutorial-two-swift,,TRUE,FALSE,FALSE,FALSE
www.rabbitmq.com/upgrade.html,www.rabbitmq.com/docs/upgrade,,TRUE,FALSE,FALSE,FALSE
www.rabbitmq.com/uri-query-parameters.html,www.rabbitmq.com/docs/uri-query-parameters,,TRUE,FALSE,FALSE,FALSE
www.rabbitmq.com/uri-spec.html,www.rabbitmq.com/docs/uri-spec,,TRUE,FALSE,FALSE,FALSE
www.rabbitmq.com/user-limits.html,www.rabbitmq.com/docs/user-limits,,TRUE,FALSE,FALSE,FALSE
www.rabbitmq.com/validated-user-id.html,www.rabbitmq.com/docs/validated-user-id,,TRUE,FALSE,FALSE,FALSE
www.rabbitmq.com/versions.html,www.rabbitmq.com/docs/versions,,TRUE,FALSE,FALSE,FALSE
www.rabbitmq.com/vhosts.html,www.rabbitmq.com/docs/vhosts,,TRUE,FALSE,FALSE,FALSE
www.rabbitmq.com/web-mqtt.html,www.rabbitmq.com/docs/web-mqtt,,TRUE,FALSE,FALSE,FALSE
www.rabbitmq.com/web-stomp.html,www.rabbitmq.com/docs/web-stomp,,TRUE,FALSE,FALSE,FALSE
www.rabbitmq.com/which-erlang.html,www.rabbitmq.com/docs/which-erlang,,TRUE,FALSE,FALSE,FALSE
www.rabbitmq.com/windows-quirks.html,www.rabbitmq.com/docs/windows-quirks,,TRUE,FALSE,FALSE,FALSE
